{
  "version": 1,
  "author": "Sergey",
  "editor": "wokwi",
  "parts": [
    { "type": "wokwi-arduino-uno", "id": "uno", "top": 154.2, "left": -135, "attrs": {} },
    { "type": "wokwi-rgb-led", "id": "rgb1", "top": -53.6, "left": -162.1, "attrs": {} },
    {
      "type": "wokwi-resistor",
      "id": "r1",
      "top": 32.75,
      "left": -105.6,
      "attrs": { "value": "300" }
    },
    {
      "type": "wokwi-resistor",
      "id": "r2",
      "top": -5.65,
      "left": -105.6,
      "attrs": { "value": "300" }
    },
    {
      "type": "wokwi-resistor",
      "id": "r3",
      "top": 13.55,
      "left": -105.6,
      "attrs": { "value": "300" }
    },
    { "type": "wokwi-membrane-keypad", "id": "keypad1", "top": -318.8, "left": 24.8, "attrs": {} }
  ],
  "connections": [
    [ "rgb1:COM", "uno:5V", "green", [ "v374", "h19.3" ] ],
    [ "rgb1:G", "r3:1", "green", [ "v28.8", "h10.9" ] ],
    [ "rgb1:R", "r2:1", "green", [ "v9.6" ] ],
    [ "rgb1:B", "r1:1", "green", [ "v48", "h1.6" ] ],
    [ "r1:2", "uno:13", "green", [ "v0", "h18" ] ],
    [ "r3:2", "uno:12", "green", [ "v0", "h46.8" ] ],
    [ "r2:2", "uno:11", "green", [ "v0", "h46.8" ] ],
    [ "keypad1:C4", "uno:2", "green", [ "v115.2", "h-86.7" ] ],
    [ "keypad1:C3", "uno:3", "green", [ "v105.6", "h-0.15" ] ],
    [ "keypad1:C2", "uno:4", "green", [ "v96", "h-9.6" ] ],
    [ "keypad1:C1", "uno:5", "green", [ "v86.4", "h-0.1" ] ],
    [ "keypad1:R4", "uno:6", "green", [ "v76.8", "h-0.2" ] ],
    [ "keypad1:R3", "uno:7", "green", [ "v67.2", "h-0.3" ] ],
    [ "keypad1:R2", "uno:8", "green", [ "v57.6", "h-0.4" ] ],
    [ "keypad1:R1", "uno:9", "green", [ "v48", "h-86.4" ] ]
  ],
  "dependencies": {}
}