{
  "version": 1,
  "author": "Sergey",
  "editor": "wokwi",
  "parts": [
    { "type": "wokwi-arduino-uno", "id": "uno", "top": 0.6, "left": -39, "attrs": {} },
    {
      "type": "wokwi-resistor",
      "id": "r1",
      "top": -73.4,
      "left": 66.35,
      "rotate": 270,
      "attrs": { "value": "300000" }
    },
    {
      "type": "wokwi-resistor",
      "id": "r2",
      "top": -63.8,
      "left": 18.35,
      "rotate": 270,
      "attrs": { "value": "300000" }
    },
    {
      "type": "wokwi-resistor",
      "id": "r3",
      "top": -73.4,
      "left": -48.85,
      "rotate": 270,
      "attrs": { "value": "300000" }
    },
    { "type": "wokwi-rgb-led", "id": "rgb1", "top": -178.4, "left": -18.1, "attrs": {} }
  ],
  "connections": [
    [ "r1:2", "rgb1:B", "green", [ "h0" ] ],
    [ "rgb1:G", "r2:2", "green", [ "v0" ] ],
    [ "rgb1:R", "r3:2", "green", [ "v0" ] ],
    [ "r1:1", "uno:11", "green", [ "h0" ] ],
    [ "r2:1", "uno:12", "green", [ "h0" ] ],
    [ "r3:1", "uno:13", "green", [ "h0" ] ],
    [ "rgb1:COM", "uno:5V", "green", [ "v0" ] ]
  ],
  "dependencies": {}
}