{
  "version": 1,
  "author": "Sergey",
  "editor": "wokwi",
  "parts": [
    { "type": "wokwi-arduino-uno", "id": "uno", "top": 67.8, "left": -115.8, "attrs": {} },
    { "type": "wokwi-potentiometer", "id": "pot1", "top": 133.1, "left": 239.8, "attrs": {} },
    {
      "type": "wokwi-stepper-motor",
      "id": "stepper1",
      "top": -169.19,
      "left": -37.97,
      "attrs": { "size": "17" }
    },
    {
      "type": "wokwi-pushbutton",
      "id": "btn1",
      "top": -61,
      "left": 288,
      "attrs": { "color": "green" }
    },
    {
      "type": "wokwi-pushbutton",
      "id": "btn2",
      "top": -137.8,
      "left": 240,
      "attrs": { "color": "green" }
    },
    {
      "type": "wokwi-pushbutton",
      "id": "btn3",
      "top": -61,
      "left": 192,
      "attrs": { "color": "green" }
    }
  ],
  "connections": [
    [ "stepper1:B-", "uno:8", "green", [ "v0" ] ],
    [ "stepper1:B+", "uno:9", "green", [ "v0" ] ],
    [ "stepper1:A+", "uno:10", "green", [ "v0" ] ],
    [ "stepper1:A-", "uno:11", "green", [ "v0" ] ],
    [ "pot1:GND", "uno:GND.1", "black", [ "v9.6", "h-76.8", "v-172.8", "h-192" ] ],
    [ "pot1:SIG", "uno:A0", "green", [ "v76.8", "h-182.8" ] ],
    [ "pot1:VCC", "uno:5V", "red", [ "v86.4", "h-240.8" ] ],
    [ "btn2:2.l", "uno:2", "green", [ "h-105.6", "v115.4", "h-9.6" ] ],
    [ "btn2:1.r", "uno:GND.1", "green", [ "v0", "h9.8", "v-67.2", "h-374.4", "v230.4", "h57.6" ] ],
    [ "btn3:2.l", "uno:3", "green", [ "h-48", "v48.2", "h-38.4" ] ],
    [ "btn1:2.l", "uno:4", "green", [ "h0", "v57.8", "h-192" ] ],
    [ "btn1:1.r", "btn2:1.r", "green", [ "v-76.8", "h0.2" ] ],
    [ "btn3:1.r", "btn2:1.r", "green", [ "v-28.8", "h57.8", "v-9.6" ] ]
  ],
  "dependencies": {}
}