{
  "version": 1,
  "author": "Sergey",
  "editor": "wokwi",
  "parts": [
    { "type": "wokwi-arduino-uno", "id": "uno", "top": 154.2, "left": -173.4, "attrs": {} },
    {
      "type": "wokwi-7segment",
      "id": "sevseg1",
      "top": 149.82,
      "left": 221.92,
      "attrs": { "digits": "4", "common": "cathode" }
    },
    {
      "type": "wokwi-resistor",
      "id": "r1",
      "top": -44.05,
      "left": 67.2,
      "attrs": { "value": "300" }
    },
    {
      "type": "wokwi-resistor",
      "id": "r2",
      "top": -24.85,
      "left": 67.2,
      "attrs": { "value": "300" }
    },
    {
      "type": "wokwi-resistor",
      "id": "r3",
      "top": -5.65,
      "left": 67.2,
      "attrs": { "value": "300" }
    },
    {
      "type": "wokwi-resistor",
      "id": "r4",
      "top": 13.55,
      "left": 67.2,
      "attrs": { "value": "300" }
    },
    {
      "type": "wokwi-resistor",
      "id": "r5",
      "top": 32.75,
      "left": 67.2,
      "attrs": { "value": "300" }
    },
    {
      "type": "wokwi-resistor",
      "id": "r6",
      "top": 51.95,
      "left": 67.2,
      "attrs": { "value": "300" }
    },
    {
      "type": "wokwi-resistor",
      "id": "r7",
      "top": -63.25,
      "left": 67.2,
      "attrs": { "value": "300" }
    },
    {
      "type": "wokwi-resistor",
      "id": "r8",
      "top": 71.15,
      "left": 67.2,
      "attrs": { "value": "300" }
    },
    {
      "type": "wokwi-pushbutton",
      "id": "btn1",
      "top": -41.8,
      "left": -240,
      "attrs": { "color": "green" }
    },
    {
      "type": "wokwi-pushbutton",
      "id": "btn2",
      "top": -41.8,
      "left": -153.6,
      "attrs": { "color": "green" }
    }
  ],
  "connections": [
    [ "r8:1", "uno:2", "green", [ "v0", "h-9.6" ] ],
    [ "r6:1", "uno:3", "green", [ "v0", "h-19.2" ] ],
    [ "r5:1", "uno:4", "green", [ "v0", "h-19.2" ] ],
    [ "r4:1", "uno:5", "green", [ "v0", "h-28.8" ] ],
    [ "r3:1", "uno:6", "green", [ "v0", "h-48" ] ],
    [ "r2:1", "uno:7", "green", [ "v0", "h-57.6" ] ],
    [ "r1:1", "uno:8", "green", [ "v0", "h-67.2" ] ],
    [ "r7:1", "uno:9", "green", [ "v0", "h-86.4" ] ],
    [ "sevseg1:DIG1", "uno:10", "green", [ "v-230.4", "h-9.59" ] ],
    [ "sevseg1:DIG2", "uno:11", "green", [ "v-240", "h-9.6" ] ],
    [ "sevseg1:DIG3", "uno:12", "green", [ "v-249.6", "h-364.8", "v259.2" ] ],
    [ "sevseg1:A", "r8:2", "green", [ "v0" ] ],
    [ "r6:2", "sevseg1:B", "green", [ "v0", "h210" ] ],
    [ "sevseg1:C", "r5:2", "green", [ "v27.96", "h124.8", "v-220.8" ] ],
    [ "sevseg1:D", "r4:2", "green", [ "v47.16", "h163.2", "v-249.6", "h-9.6" ] ],
    [ "sevseg1:E", "r3:2", "green", [ "v66.36", "h172.81", "v-288" ] ],
    [ "sevseg1:F", "r2:2", "green", [ "v-172.8" ] ],
    [ "sevseg1:G", "r1:2", "green", [ "v18.36", "h96", "v-278.4", "h-19.2" ] ],
    [ "sevseg1:DP", "r7:2", "green", [ "v37.56", "h144", "v-316.8", "h-326.4" ] ],
    [ "sevseg1:DIG4", "uno:13", "green", [ "v75.96", "h134.4", "v-403.2", "h-518.4" ] ],
    [ "btn2:2.l", "uno:GND.1", "green", [ "h0", "v86.6", "h86.4" ] ],
    [ "btn1:2.l", "uno:GND.1", "green", [ "h0", "v105.8", "h182.4" ] ],
    [ "btn2:1.r", "uno:0", "green", [ "v124.8", "h173" ] ],
    [ "btn1:1.r", "uno:1", "green", [ "v144", "h249.8" ] ]
  ],
  "dependencies": {}
}