{
  "version": 1,
  "author": "Sergey",
  "editor": "wokwi",
  "parts": [
    { "type": "wokwi-arduino-uno", "id": "uno", "top": 144.6, "left": -10.2, "attrs": {} },
    {
      "type": "wokwi-resistor",
      "id": "r1",
      "top": -5.65,
      "left": 192,
      "attrs": { "value": "300" }
    },
    {
      "type": "wokwi-resistor",
      "id": "r3",
      "top": 109.55,
      "left": 268.8,
      "attrs": { "value": "300" }
    },
    {
      "type": "wokwi-resistor",
      "id": "r4",
      "top": 90.35,
      "left": 249.6,
      "attrs": { "value": "300" }
    },
    {
      "type": "wokwi-resistor",
      "id": "r5",
      "top": 71.15,
      "left": 230.4,
      "attrs": { "value": "300" }
    },
    {
      "type": "wokwi-resistor",
      "id": "r6",
      "top": 51.95,
      "left": 220.8,
      "attrs": { "value": "300" }
    },
    {
      "type": "wokwi-resistor",
      "id": "r7",
      "top": 32.75,
      "left": 211.2,
      "attrs": { "value": "300" }
    },
    {
      "type": "wokwi-resistor",
      "id": "r8",
      "top": -24.85,
      "left": 172.8,
      "attrs": { "value": "300" }
    },
    {
      "type": "wokwi-resistor",
      "id": "r9",
      "top": 13.55,
      "left": 201.6,
      "attrs": { "value": "300" }
    },
    {
      "type": "wokwi-led-bar-graph",
      "id": "bargraph1",
      "top": 4.8,
      "left": 369.6,
      "attrs": { "color": "lime" }
    }
  ],
  "connections": [
    [ "bargraph1:C1", "bargraph1:C2", "green", [ "v0" ] ],
    [ "bargraph1:C2", "bargraph1:C3", "green", [ "h0" ] ],
    [ "bargraph1:C4", "bargraph1:C5", "green", [ "h0" ] ],
    [ "bargraph1:C5", "bargraph1:C6", "green", [ "h0" ] ],
    [ "bargraph1:C6", "bargraph1:C7", "green", [ "h0.22", "v9.59" ] ],
    [ "bargraph1:C9", "bargraph1:C10", "green", [ "h0" ] ],
    [ "bargraph1:C9", "bargraph1:C8", "green", [ "h0" ] ],
    [ "bargraph1:C7", "bargraph1:C8", "green", [ "h0" ] ],
    [ "bargraph1:C4", "bargraph1:C3", "green", [ "h0" ] ],
    [ "bargraph1:C10", "uno:GND.1", "green", [ "h0.22", "v38.39", "h-278.4" ] ],
    [ "bargraph1:A10", "r3:2", "green", [ "h-19.2", "v9.59" ] ],
    [ "r4:2", "bargraph1:A9", "green", [ "v0", "h18", "v-9.6" ] ],
    [ "bargraph1:A8", "r5:2", "green", [ "h0" ] ],
    [ "r6:2", "bargraph1:A7", "green", [ "v0", "h46.8", "v9.6" ] ],
    [ "bargraph1:A6", "r7:2", "green", [ "h-28.8", "v-19.21" ] ],
    [ "r3:1", "uno:0", "green", [ "v0" ] ],
    [ "r4:1", "uno:1", "green", [ "v0", "h-19.2" ] ],
    [ "r5:1", "uno:2", "green", [ "v0", "h-9.6" ] ],
    [ "r6:1", "uno:3", "green", [ "v0", "h-9.6" ] ],
    [ "r7:1", "uno:4", "green", [ "v0", "h-9.6" ] ],
    [ "r9:1", "uno:5", "green", [ "v0", "h-9.6" ] ],
    [ "r1:1", "uno:6", "green", [ "v0", "h-9.6" ] ],
    [ "r8:1", "uno:7", "green", [ "v0" ] ],
    [ "bargraph1:A5", "r9:2", "green", [ "h-19.2", "v-9.61" ] ],
    [ "r1:2", "bargraph1:A4", "green", [ "v0", "h94.8", "v28.8" ] ],
    [ "bargraph1:A3", "r8:2", "green", [ "h-9.6", "v-48" ] ]
  ],
  "dependencies": {}
}