{
  "version": 1,
  "author": "Sergey",
  "editor": "wokwi",
  "parts": [
    { "type": "wokwi-arduino-uno", "id": "uno", "top": 87, "left": -19.8, "attrs": {} },
    { "type": "wokwi-led", "id": "led1", "top": 6, "left": 109.4, "attrs": { "color": "red" } },
    {
      "type": "wokwi-resistor",
      "id": "r1",
      "top": 42.35,
      "left": 28.8,
      "attrs": { "value": "300" }
    },
    {
      "type": "wokwi-pushbutton",
      "id": "btn1",
      "top": -3.4,
      "left": 240,
      "attrs": { "color": "green", "bounce": "0" }
    }
  ],
  "connections": [
    [ "r1:2", "led1:C", "green", [ "v0" ] ],
    [ "led1:A", "uno:9", "green", [ "v0", "h9.6" ] ],
    [ "r1:1", "uno:GND.1", "green", [ "v19.2", "h67.2", "v9.6" ] ],
    [ "btn1:2.l", "uno:2", "green", [ "h0" ] ],
    [ "btn1:1.r", "uno:GND.2", "green", [ "v0", "h38.6", "v326.4", "h-182.4" ] ]
  ],
  "dependencies": {}
}