{
  "version": 1,
  "author": "Sergey",
  "editor": "wokwi",
  "parts": [
    { "type": "wokwi-arduino-uno", "id": "uno", "top": 279, "left": 76.2, "attrs": {} },
    {
      "type": "wokwi-led-bar-graph",
      "id": "bargraph1",
      "top": -100.8,
      "left": 81.6,
      "attrs": { "color": "lime" }
    },
    { "type": "wokwi-74hc595", "id": "sr1", "top": -154.8, "left": -119.36, "attrs": {} },
    {
      "type": "wokwi-resistor",
      "id": "r1",
      "top": -101.65,
      "left": -28.8,
      "attrs": { "value": "300" }
    },
    {
      "type": "wokwi-resistor",
      "id": "r2",
      "top": -34.45,
      "left": -28.8,
      "attrs": { "value": "300" }
    },
    {
      "type": "wokwi-resistor",
      "id": "r3",
      "top": -44.05,
      "left": -28.8,
      "attrs": { "value": "300" }
    },
    {
      "type": "wokwi-resistor",
      "id": "r4",
      "top": -53.65,
      "left": -28.8,
      "attrs": { "value": "300" }
    },
    {
      "type": "wokwi-resistor",
      "id": "r5",
      "top": -72.85,
      "left": -28.8,
      "attrs": { "value": "300" }
    },
    {
      "type": "wokwi-resistor",
      "id": "r6",
      "top": -63.25,
      "left": -28.8,
      "attrs": { "value": "300" }
    },
    {
      "type": "wokwi-resistor",
      "id": "r7",
      "top": -92.05,
      "left": -28.8,
      "attrs": { "value": "300" }
    },
    {
      "type": "wokwi-resistor",
      "id": "r8",
      "top": -82.45,
      "left": -28.8,
      "attrs": { "value": "300" }
    },
    {
      "type": "wokwi-led-bar-graph",
      "id": "bargraph2",
      "top": 52.8,
      "left": 81.6,
      "attrs": { "color": "lime" }
    },
    {
      "type": "wokwi-resistor",
      "id": "r9",
      "top": 51.95,
      "left": -28.8,
      "attrs": { "value": "300" }
    },
    {
      "type": "wokwi-resistor",
      "id": "r10",
      "top": 119.15,
      "left": -28.8,
      "attrs": { "value": "300" }
    },
    {
      "type": "wokwi-resistor",
      "id": "r11",
      "top": 109.55,
      "left": -28.8,
      "attrs": { "value": "300" }
    },
    {
      "type": "wokwi-resistor",
      "id": "r12",
      "top": 99.95,
      "left": -28.8,
      "attrs": { "value": "300" }
    },
    {
      "type": "wokwi-resistor",
      "id": "r13",
      "top": 80.75,
      "left": -28.8,
      "attrs": { "value": "300" }
    },
    {
      "type": "wokwi-resistor",
      "id": "r14",
      "top": 90.35,
      "left": -28.8,
      "attrs": { "value": "300" }
    },
    {
      "type": "wokwi-resistor",
      "id": "r15",
      "top": 61.55,
      "left": -28.8,
      "attrs": { "value": "300" }
    },
    {
      "type": "wokwi-resistor",
      "id": "r16",
      "top": 71.15,
      "left": -28.8,
      "attrs": { "value": "300" }
    },
    { "type": "wokwi-74hc595", "id": "sr2", "top": 18, "left": -119.36, "attrs": {} },
    {
      "type": "wokwi-pushbutton",
      "id": "btn1",
      "top": 207.8,
      "left": 412.8,
      "attrs": { "color": "green" }
    }
  ],
  "connections": [
    [ "bargraph1:C1", "bargraph1:C2", "green", [ "v0", "h19.42", "v9.6" ] ],
    [ "bargraph1:C3", "bargraph1:C2", "green", [ "h19.42", "v-9.6" ] ],
    [ "bargraph1:C4", "bargraph1:C3", "green", [ "h19.42", "v0" ] ],
    [ "bargraph1:C5", "bargraph1:C4", "green", [ "h19.42", "v-0.01" ] ],
    [ "bargraph1:C6", "bargraph1:C5", "green", [ "h19.42", "v-0.01" ] ],
    [ "bargraph1:C7", "bargraph1:C6", "green", [ "h19.42", "v-0.01" ] ],
    [ "bargraph1:C8", "bargraph1:C7", "green", [ "h19.42", "v-0.01" ] ],
    [ "bargraph1:A1", "r1:2", "green", [ "h0" ] ],
    [ "r7:2", "bargraph1:A2", "green", [ "v0" ] ],
    [ "r8:2", "bargraph1:A3", "green", [ "v0" ] ],
    [ "r5:2", "bargraph1:A4", "green", [ "v0" ] ],
    [ "r6:2", "bargraph1:A5", "green", [ "v0" ] ],
    [ "r4:2", "bargraph1:A6", "green", [ "v0" ] ],
    [ "r3:2", "bargraph1:A7", "green", [ "v0" ] ],
    [ "r2:2", "bargraph1:A8", "green", [ "v0" ] ],
    [ "sr1:GND", "uno:GND.1", "black", [ "v0", "h230.4", "v163.2", "h-96" ] ],
    [ "uno:5V", "sr1:VCC", "red", [ "v38.3", "h-399.4", "v-663.6" ] ],
    [ "r1:1", "sr1:Q7", "green", [ "v0", "h-28.8" ] ],
    [ "r7:1", "sr1:Q6", "green", [ "v0", "h-38.4", "v-38.4" ] ],
    [ "r8:1", "sr1:Q5", "green", [ "v0", "h-48" ] ],
    [ "r5:1", "sr1:Q4", "green", [ "v0", "h-57.6" ] ],
    [ "r6:1", "sr1:Q3", "green", [ "v0", "h-67.2" ] ],
    [ "r4:1", "sr1:Q2", "green", [ "v0", "h-76.8" ] ],
    [ "r3:1", "sr1:Q1", "green", [ "v0", "h-86.4" ] ],
    [ "r2:1", "sr1:Q0", "green", [ "v0", "h-96", "v-144", "h19.2" ] ],
    [ "sr1:MR", "sr1:VCC", "red", [ "v-8.4", "h-57.6" ] ],
    [ "sr1:OE", "uno:GND.1", "black", [ "v-27.6", "h249.6", "v211.2", "h-67.2" ] ],
    [ "sr1:STCP", "uno:4", "magenta", [ "v-18", "h297.6", "v240", "h-3.9" ] ],
    [ "sr1:SHCP", "uno:13", "gold", [ "v-56.4", "h336", "v432", "h-144.4" ] ],
    [ "bargraph1:C1", "uno:GND.1", "black", [ "v0", "h38.62", "v105.6", "h-57.6" ] ],
    [ "bargraph2:C1", "bargraph2:C2", "green", [ "v0", "h19.42", "v9.6" ] ],
    [ "bargraph2:C3", "bargraph2:C2", "green", [ "h19.42", "v-9.6" ] ],
    [ "bargraph2:C4", "bargraph2:C3", "green", [ "h19.42", "v0" ] ],
    [ "bargraph2:C5", "bargraph2:C4", "green", [ "h19.42", "v-0.01" ] ],
    [ "bargraph2:C6", "bargraph2:C5", "green", [ "h19.42", "v-0.01" ] ],
    [ "bargraph2:C7", "bargraph2:C6", "green", [ "h19.42", "v-0.01" ] ],
    [ "bargraph2:C8", "bargraph2:C7", "green", [ "h19.42", "v-0.01" ] ],
    [ "r9:2", "bargraph2:A1", "green", [ "v0" ] ],
    [ "r15:2", "bargraph2:A2", "green", [ "v0" ] ],
    [ "r16:2", "bargraph2:A3", "green", [ "v0" ] ],
    [ "r13:2", "bargraph2:A4", "green", [ "v0" ] ],
    [ "r14:2", "bargraph2:A5", "green", [ "v0" ] ],
    [ "r12:2", "bargraph2:A6", "green", [ "v0" ] ],
    [ "r11:2", "bargraph2:A7", "green", [ "v0" ] ],
    [ "r10:2", "bargraph2:A8", "green", [ "v0" ] ],
    [ "sr2:MR", "sr2:VCC", "red", [ "v-8.4", "h-57.6" ] ],
    [ "sr2:Q7", "r9:1", "green", [ "v0" ] ],
    [ "sr2:Q6", "r15:1", "green", [ "v0" ] ],
    [ "sr2:Q5", "r16:1", "green", [ "v0" ] ],
    [ "sr2:Q4", "r13:1", "green", [ "v0" ] ],
    [ "sr2:Q3", "r14:1", "green", [ "v0" ] ],
    [ "sr2:Q2", "r12:1", "green", [ "v0" ] ],
    [ "sr2:Q1", "r11:1", "green", [ "v0" ] ],
    [ "sr2:VCC", "uno:5V", "red", [ "v-8.4", "h-38.4", "v489.6", "h393.6" ] ],
    [ "sr2:GND", "uno:GND.1", "black", [ "v0", "h240" ] ],
    [ "uno:13", "sr2:SHCP", "gold", [ "v-288", "h-268.4" ] ],
    [ "sr2:STCP", "uno:4", "violet", [ "v-27.6", "h144", "v19.2", "h230.4" ] ],
    [ "r10:1", "sr2:Q0", "green", [ "v0", "h-105.6", "v-124.8", "h28.8" ] ],
    [ "sr2:OE", "sr2:GND", "black", [ "v-37.2", "h57.6", "v67.2" ] ],
    [ "bargraph2:C1", "uno:GND.1", "black", [ "v0", "h77.02" ] ],
    [ "btn1:2.l", "uno:2", "green", [ "h0" ] ],
    [ "btn1:1.r", "uno:GND.2", "green", [ "v0", "h29", "v288", "h-268.8" ] ],
    [ "uno:11", "sr2:DS", "blue", [ "v-48", "h-402.6", "v-249.6", "h86.4" ] ],
    [ "sr2:Q7S", "sr1:DS", "#8f4814", [ "h182.4", "v20.4", "h172.8", "v-259.2", "h-403.2" ] ]
  ],
  "dependencies": {}
}