{
  "version": 1,
  "author": "Anonymous maker",
  "editor": "wokwi",
  "parts": [
    { "type": "wokwi-arduino-uno", "id": "uno", "top": 96.6, "left": -10.2, "attrs": {} },
    { "type": "wokwi-rgb-led", "id": "rgb1", "top": -53.6, "left": 1.1, "attrs": {} },
    {
      "type": "wokwi-resistor",
      "id": "r1",
      "top": -15.25,
      "left": 86.4,
      "attrs": { "value": "300" }
    },
    {
      "type": "wokwi-resistor",
      "id": "r2",
      "top": 13.55,
      "left": 57.6,
      "attrs": { "value": "300" }
    },
    {
      "type": "wokwi-resistor",
      "id": "r3",
      "top": 32.75,
      "left": 38.4,
      "attrs": { "value": "300" }
    },
    {
      "type": "wokwi-pushbutton",
      "id": "btn1",
      "top": -32.2,
      "left": 211.2,
      "attrs": { "color": "green" }
    }
  ],
  "connections": [
    [ "rgb1:R", "r3:1", "green", [ "v48" ] ],
    [ "rgb1:G", "r2:1", "green", [ "v19.2", "h1.3" ] ],
    [ "rgb1:B", "r1:1", "green", [ "v0" ] ],
    [ "btn1:2.r", "uno:GND.2", "green", [ "h-9.4", "v307.4", "h-105.6" ] ],
    [ "rgb1:COM", "uno:5V", "green", [ "v306.8", "h134.5" ] ],
    [ "uno:0", "btn1:1.l", "green", [ "v-67.2", "h-53.3", "v-57.6" ] ],
    [ "r2:2", "uno:12", "green", [ "v0" ] ],
    [ "r3:2", "uno:13", "green", [ "v0" ] ],
    [ "r1:2", "uno:11", "green", [ "v0" ] ]
  ],
  "dependencies": {}
}