{
  "version": 1,
  "author": "Sergey",
  "editor": "wokwi",
  "parts": [
    { "type": "wokwi-arduino-uno", "id": "uno", "top": 135, "left": -10.2, "attrs": {} },
    {
      "type": "wokwi-resistor",
      "id": "r1",
      "top": -5.65,
      "left": 67.2,
      "attrs": { "value": "300" }
    },
    {
      "type": "wokwi-resistor",
      "id": "r2",
      "top": 13.55,
      "left": 48,
      "attrs": { "value": "300" }
    },
    {
      "type": "wokwi-resistor",
      "id": "r3",
      "top": 32.75,
      "left": 28.8,
      "attrs": { "value": "300" }
    },
    { "type": "wokwi-rgb-led", "id": "rgb1", "top": -34.4, "left": -37.3, "attrs": {} },
    {
      "type": "wokwi-pushbutton",
      "id": "btn1",
      "top": -166.6,
      "left": 172.8,
      "attrs": { "color": "green" }
    },
    {
      "type": "wokwi-pushbutton",
      "id": "btn2",
      "top": -109,
      "left": 172.8,
      "attrs": { "color": "green" }
    },
    {
      "type": "wokwi-pushbutton",
      "id": "btn3",
      "top": -166.6,
      "left": 297.6,
      "attrs": { "color": "green" }
    },
    {
      "type": "wokwi-pushbutton",
      "id": "btn4",
      "top": -109,
      "left": 297.6,
      "attrs": { "color": "green" }
    },
    {
      "type": "wokwi-pushbutton",
      "id": "btn5",
      "top": -166.6,
      "left": 412.8,
      "attrs": { "color": "green" }
    },
    {
      "type": "wokwi-pushbutton",
      "id": "btn6",
      "top": -109,
      "left": 412.8,
      "attrs": { "color": "green" }
    }
  ],
  "connections": [
    [ "r3:2", "uno:11", "green", [ "v0", "h18" ] ],
    [ "r2:2", "uno:10", "green", [ "v0", "h37.2" ] ],
    [ "r1:2", "uno:9", "green", [ "v0", "h27.6" ] ],
    [ "rgb1:COM", "uno:5V", "green", [ "v354.8", "h192.1" ] ],
    [ "rgb1:B", "r1:1", "green", [ "v0" ] ],
    [ "rgb1:G", "r2:1", "green", [ "v0" ] ],
    [ "rgb1:R", "r3:1", "green", [ "v0" ] ],
    [ "btn4:1.r", "btn3:1.r", "green", [ "v0", "h9.8", "v-48" ] ],
    [ "btn6:1.r", "btn5:1.r", "green", [ "v0", "h9.8", "v-48" ] ],
    [ "btn1:1.r", "btn2:1.r", "green", [ "v0", "h19.4", "v57.6" ] ],
    [ "btn1:1.r", "btn3:1.r", "green", [ "v-48", "h125" ] ],
    [ "btn3:1.r", "btn5:1.r", "green", [ "v-48", "h115.4" ] ],
    [ "btn6:1.r", "uno:GND.2", "green", [ "v0", "h57.8", "v460.8", "h-57.6" ] ],
    [ "btn5:2.l", "uno:1", "green", [ "h-9.6", "v240.2", "h-48" ] ],
    [ "btn6:2.l", "uno:0", "green", [ "h0", "v192.2", "h-144" ] ],
    [ "btn3:2.l", "uno:3", "green", [ "h-9.6", "v230.6", "h-9.6" ] ],
    [ "btn4:2.l", "uno:2", "green", [ "h0", "v163.4", "h-67.2" ] ],
    [ "btn2:2.l", "uno:4", "green", [ "h-9.6", "v38.6", "h48" ] ],
    [ "btn1:2.l", "uno:5", "green", [ "h-28.8", "v115.4", "h48" ] ]
  ],
  "dependencies": {}
}