{
  "version": 1,
  "author": "Sergey",
  "editor": "wokwi",
  "parts": [
    { "type": "wokwi-arduino-uno", "id": "uno", "top": 115.8, "left": -317.4, "attrs": {} },
    { "type": "wokwi-analog-joystick", "id": "joystick1", "top": 153, "left": 53.4, "attrs": {} },
    { "type": "wokwi-led", "id": "led1", "top": -186, "left": 147.8, "attrs": { "color": "red" } },
    { "type": "wokwi-led", "id": "led2", "top": -186, "left": 186.2, "attrs": { "color": "red" } },
    {
      "type": "wokwi-resistor",
      "id": "r3",
      "top": -33.6,
      "left": -106.15,
      "rotate": 90,
      "attrs": { "value": "300" }
    },
    {
      "type": "wokwi-resistor",
      "id": "r4",
      "top": -33.6,
      "left": -144.55,
      "rotate": 90,
      "attrs": { "value": "300" }
    },
    {
      "type": "wokwi-resistor",
      "id": "r5",
      "top": -33.6,
      "left": -163.75,
      "rotate": 90,
      "attrs": { "value": "300" }
    },
    {
      "type": "wokwi-resistor",
      "id": "r6",
      "top": -33.6,
      "left": -125.35,
      "rotate": 90,
      "attrs": { "value": "300" }
    },
    {
      "type": "wokwi-resistor",
      "id": "r7",
      "top": -33.6,
      "left": -86.95,
      "rotate": 90,
      "attrs": { "value": "300" }
    },
    {
      "type": "wokwi-resistor",
      "id": "r8",
      "top": -33.6,
      "left": -67.75,
      "rotate": 90,
      "attrs": { "value": "300" }
    },
    { "type": "wokwi-led", "id": "led3", "top": -186, "left": -5.8, "attrs": { "color": "red" } },
    { "type": "wokwi-led", "id": "led4", "top": -186, "left": 32.6, "attrs": { "color": "red" } },
    { "type": "wokwi-led", "id": "led5", "top": -186, "left": 109.4, "attrs": { "color": "red" } },
    { "type": "wokwi-led", "id": "led6", "top": -186, "left": 71, "attrs": { "color": "red" } }
  ],
  "connections": [
    [ "led3:C", "led4:C", "green", [ "v19.2", "h38.8" ] ],
    [ "led6:C", "led4:C", "green", [ "v19.2", "h-38" ] ],
    [ "led6:C", "led5:C", "green", [ "v19.2", "h38.8" ] ],
    [ "led5:C", "led1:C", "green", [ "v19.2", "h29.2" ] ],
    [ "led1:C", "led2:C", "green", [ "v19.2", "h0.4" ] ],
    [ "led3:C", "uno:GND.1", "green", [ "v0", "h-143.6" ] ],
    [ "joystick1:VCC", "uno:5V", "red", [ "v67.2", "h-9.6" ] ],
    [ "joystick1:GND", "uno:GND.2", "black", [ "v76.8", "h-9.6" ] ],
    [ "joystick1:VERT", "uno:A0", "green", [ "v57.6", "h-28.8" ] ],
    [ "joystick1:HORZ", "uno:A1", "green", [ "v48", "h-9.6" ] ],
    [ "led3:A", "r8:1", "green", [ "v76.8", "h-48" ] ],
    [ "led4:A", "r7:1", "green", [ "v67.2", "h-115.2" ] ],
    [ "led6:A", "r3:1", "green", [ "v57.6", "h-172.8" ] ],
    [ "led5:A", "r6:1", "green", [ "v48", "h-230.4" ] ],
    [ "led1:A", "r4:1", "green", [ "v38.4", "h-288" ] ],
    [ "led2:A", "r5:1", "green", [ "v28.8", "h-345.6", "v-9.6" ] ],
    [ "joystick1:SEL", "uno:2", "green", [ "v19.2", "h-115.2", "v-192", "h-76.8" ] ],
    [ "r8:2", "uno:3", "green", [ "h0", "v85.2", "h-48" ] ],
    [ "r7:2", "uno:5", "green", [ "h0", "v75.6", "h-48" ] ],
    [ "r3:2", "uno:6", "green", [ "h0", "v66", "h-38.4" ] ],
    [ "r6:2", "uno:9", "green", [ "h0", "v56.4", "h-57.6" ] ],
    [ "r4:2", "uno:10", "green", [ "h0", "v46.8", "h-48" ] ],
    [ "r5:2", "uno:11", "green", [ "h0", "v37.2", "h-38.4" ] ]
  ],
  "dependencies": {}
}